"id","icao24","callsign","origin_country","time_position","last_contact","longitude","latitude","baro_altitude","on_ground","velocity","true_track","vertical_rate","sensors","geo_altitude","squawk","spi","position_source","logged_at"
1,"71cb15","HL9315  ","Republic of Korea",1737074733,1737074734,127.044403076172,37.9480018615723,426.720001220703,NA,56.7200012207031,38.7400016784668,-0.980000019073486,NA,510.540008544922,NA,NA,0,2025-01-17 00:46:01
2,"71cb15","HL9315  ","Republic of Korea",1737074733,1737074734,127.044403076172,37.9480018615723,426.720001220703,NA,56.7200012207031,38.7400016784668,-0.980000019073486,NA,510.540008544922,NA,NA,0,2025-01-17 00:48:02
3,"71cb15","HL9315  ","Republic of Korea",1737074733,1737074734,127.044403076172,37.9480018615723,426.720001220703,NA,56.7200012207031,38.7400016784668,-0.980000019073486,NA,510.540008544922,NA,NA,0,2025-01-17 00:50:02
4,"7277d0","KOR371  ","Democratic People's Republic of Korea",1737079435,1737079435,126.094703674316,39.2639007568359,4191,NA,162.600006103516,98,13,NA,4191,NA,NA,0,2025-01-17 02:04:01
5,"7277d0","KOR371  ","Democratic People's Republic of Korea",1737079561,1737079561,126.312896728516,39.3035011291504,5501.64013671875,NA,166.190002441406,54.189998626709,10.0799999237061,NA,5478.77978515625,NA,NA,0,2025-01-17 02:06:02
6,"7277d0","KOR371  ","Democratic People's Republic of Korea",1737079678,1737079678,126.499801635742,39.4075012207031,6697.97998046875,NA,171.869995117188,54.5,10.0799999237061,NA,6644.64013671875,NA,NA,0,2025-01-17 02:08:02
7,"7277d0","KOR371  ","Democratic People's Republic of Korea",1737079799,1737079799,126.695602416992,39.5158004760742,7795.259765625,NA,173.729995727539,54.5200004577637,7.15000009536743,NA,7703.81982421875,NA,NA,0,2025-01-17 02:10:01
8,"7277d0","KOR371  ","Democratic People's Republic of Korea",1737079918,1737079918,126.891700744629,39.6234016418457,8679.1796875,NA,176.419998168945,54.7299995422363,5.84999990463257,NA,8542.01953125,NA,NA,0,2025-01-17 02:12:02
9,"7277d0","KOR371  ","Democratic People's Republic of Korea",1737080036,1737080037,127.09700012207,39.7346000671387,9243.0595703125,NA,188.539993286133,58.9599990844727,3.57999992370605,NA,9083.0400390625,NA,NA,0,2025-01-17 02:14:02
10,"7277d0","KOR371  ","Democratic People's Republic of Korea",1737080071,1737080152,127.163902282715,39.7643013000488,9372.599609375,NA,210.190002441406,60.0499992370605,-0.330000013113022,NA,9182.099609375,NA,NA,0,2025-01-17 02:16:01
11,"7277d0","KOR371  ","Democratic People's Republic of Korea",1737080267,1737080268,127.581001281738,39.9508018493652,9448.7998046875,NA,218.630004882812,58.6699981689453,0,NA,9243.0595703125,NA,NA,0,2025-01-17 02:18:02
12,"7277d0","KOR371  ","Democratic People's Republic of Korea",1737080398,1737080400,127.866096496582,40.0834999084473,9456.419921875,NA,219.240005493164,58.9199981689453,0,NA,9243.0595703125,NA,NA,0,2025-01-17 02:20:01
13,"7277d0","KOR371  ","Democratic People's Republic of Korea",1737080476,1737080477,128.039093017578,40.1633987426758,9448.7998046875,NA,218.270004272461,59.0800018310547,0.330000013113022,NA,9227.8203125,NA,NA,0,2025-01-17 02:22:01
14,"7277d0","KOR371  ","Democratic People's Republic of Korea",1737080604,1737080604,128.325103759766,40.2943000793457,9448.7998046875,NA,219.160003662109,59.2200012207031,0,NA,9220.2001953125,NA,NA,0,2025-01-17 02:24:02
15,"7277d0","KOR371  ","Democratic People's Republic of Korea",1737080604,1737080604,128.325103759766,40.2943000793457,9448.7998046875,NA,219.160003662109,59.2200012207031,0,NA,9220.2001953125,NA,NA,0,2025-01-17 02:26:01
16,"7277d0","KOR371  ","Democratic People's Republic of Korea",1737080604,1737080604,128.325103759766,40.2943000793457,9448.7998046875,NA,219.160003662109,59.2200012207031,0,NA,9220.2001953125,NA,NA,0,2025-01-17 02:28:02
17,"7277d0","KOR372  ","Democratic People's Republic of Korea",1737093480,1737093480,128.118499755859,40.2000007629395,9753.599609375,NA,209.449996948242,239.279998779297,0,NA,9517.3798828125,NA,NA,0,2025-01-17 05:58:02
18,"7277d0","KOR372  ","Democratic People's Republic of Korea",1737093596,1737093597,127.872596740723,40.086799621582,9753.599609375,NA,210.679992675781,238.990005493164,0.330000013113022,NA,9525,NA,NA,0,2025-01-17 06:00:02
19,"7277d0","KOR372  ","Democratic People's Republic of Korea",1737093711,1737093711,127.624801635742,39.9715003967285,9753.599609375,NA,211.660003662109,238.820007324219,0,NA,9532.6201171875,NA,NA,0,2025-01-17 06:02:02
20,"7277d0","KOR372  ","Democratic People's Republic of Korea",1737093818,1737093834,127.400596618652,39.8693008422852,9418.3203125,NA,207.080001831055,239.550003051758,-10.3999996185303,NA,9197.33984375,NA,NA,0,2025-01-17 06:04:01
21,"7277d0","KOR372  ","Democratic People's Republic of Korea",1737093846,1737093846,127.342498779297,39.8431015014648,9067.7998046875,NA,207.080001831055,239.550003051758,-10.3999996185303,NA,9197.33984375,NA,NA,0,2025-01-17 06:06:02
22,"7277d0","KOR372  ","Democratic People's Republic of Korea",1737093975,1737093975,127.092697143555,39.7324981689453,7650.47998046875,NA,207.080001831055,239.550003051758,-10.3999996185303,NA,9197.33984375,NA,NA,0,2025-01-17 06:08:02
23,"7277d0","KOR372  ","Democratic People's Republic of Korea",1737094197,1737094197,126.731399536133,39.535701751709,5448.2998046875,NA,162.190002441406,234.289993286133,-8.13000011444092,NA,5394.9599609375,NA,NA,0,2025-01-17 06:10:02
24,"7277d0","KOR372  ","Democratic People's Republic of Korea",1737094319,1737094319,126.543502807617,39.4314994812012,4427.22021484375,NA,158.179992675781,234.399993896484,-9.75,NA,4389.1201171875,NA,NA,0,2025-01-17 06:12:03
25,"7277d0","KOR372  ","Democratic People's Republic of Korea",1737094437,1737094437,126.372200012207,39.3358993530273,3611.8798828125,NA,148.910003662109,234.279998779297,-5.19999980926514,NA,3596.63989257812,NA,NA,0,2025-01-17 06:14:01
26,"7277d0","KOR372  ","Democratic People's Republic of Korea",1737094557,1737094557,126.20760345459,39.2518005371094,2727.9599609375,NA,133.679992675781,265.359985351562,-7.48000001907349,NA,2735.580078125,NA,NA,0,2025-01-17 06:16:02
27,"7277d0","KOR372  ","Democratic People's Republic of Korea",1737094581,1737094592,126.171096801758,39.2554016113281,2537.4599609375,NA,131.110000610352,278.579986572266,-7.80000019073486,NA,2537.4599609375,NA,NA,0,2025-01-17 06:18:01
28,"7277d0","KOR372  ","Democratic People's Republic of Korea",1737094581,1737094592,126.171096801758,39.2554016113281,2537.4599609375,NA,131.110000610352,278.579986572266,-7.80000019073486,NA,2537.4599609375,NA,NA,0,2025-01-17 06:20:02
29,"7277a8","KOR155  ","Democratic People's Republic of Korea",1737169557,1737169557,125.386199951172,39.5255012512207,4625.33984375,NA,159.5,322.209991455078,8.77999973297119,NA,4564.3798828125,NA,NA,0,2025-01-18 03:06:01
30,"7277a8","KOR155  ","Democratic People's Republic of Korea",1737169679,1737169680,125.235000610352,39.6684989929199,5410.2001953125,NA,173.039993286133,319.820007324219,5.19999980926514,NA,5341.6201171875,NA,NA,0,2025-01-18 03:08:02
31,"7277a8","KOR155  ","Democratic People's Republic of Korea",1737169799,1737169799,125.061096191406,39.8013000488281,5996.93994140625,NA,176.809997558594,314.059997558594,0.649999976158142,NA,5913.1201171875,NA,NA,0,2025-01-18 03:10:02
32,"71ce75","","Republic of Korea",1737176808,1737176868,127.449699401855,38.121898651123,937.260009765625,NA,47.2900009155273,98.129997253418,-2.9300000667572,NA,990.599975585938,NA,NA,0,2025-01-18 05:08:02
33,"71ce75","","Republic of Korea",1737176808,1737176868,127.449699401855,38.121898651123,937.260009765625,NA,47.2900009155273,98.129997253418,-2.9300000667572,NA,990.599975585938,NA,NA,0,2025-01-18 05:10:01
34,"71ce75","","Republic of Korea",1737176808,1737176868,127.449699401855,38.121898651123,937.260009765625,NA,47.2900009155273,98.129997253418,-2.9300000667572,NA,990.599975585938,NA,NA,0,2025-01-18 05:12:02
35,"7277cf","KOR671  ","Democratic People's Republic of Korea",1737248758,1737248758,125.987098693848,39.2766990661621,3611.8798828125,NA,164.350006103516,98.4599990844727,13.6599998474121,NA,3566.15991210938,NA,NA,0,2025-01-19 01:06:01
36,"7277cf","KOR671  ","Democratic People's Republic of Korea",1737248881,1737248881,126.226600646973,39.2566986083984,5227.31982421875,NA,174.139999389648,69.9599990844727,12.6800003051758,NA,5135.8798828125,NA,NA,0,2025-01-19 01:08:03
37,"7277cf","KOR671  ","Democratic People's Republic of Korea",1737248998,1737248998,126.423301696777,39.3650016784668,6629.39990234375,NA,185.449996948242,54.3699989318848,11.0500001907349,NA,6522.72021484375,NA,NA,0,2025-01-19 01:10:02
38,"7277cf","KOR671  ","Democratic People's Republic of Korea",1737249120,1737249120,126.640998840332,39.4852981567383,7856.22021484375,NA,190.830001831055,54.7700004577637,9.10000038146973,NA,7711.43994140625,NA,NA,0,2025-01-19 01:12:02
39,"7277cf","KOR671  ","Democratic People's Republic of Korea",1737249237,1737249237,126.85359954834,39.6018981933594,8846.8203125,NA,193.699996948242,54.6199989318848,8.13000011444092,NA,8671.5595703125,NA,NA,0,2025-01-19 01:14:01
40,"7277cf","KOR671  ","Democratic People's Republic of Korea",1737249358,1737249358,127.083396911621,39.7276992797852,9730.740234375,NA,201.179992675781,56.4700012207031,6.5,NA,9509.759765625,NA,NA,0,2025-01-19 01:16:02
41,"7277cf","KOR671  ","Democratic People's Republic of Korea",1737249480,1737249480,127.342002868652,39.8432006835938,10066.01953125,NA,222.190002441406,59.9900016784668,-0.330000013113022,NA,9822.1796875,NA,NA,0,2025-01-19 01:18:02
42,"7277cf","KOR671  ","Democratic People's Republic of Korea",1737249578,1737249578,127.523696899414,39.9672012329102,10066.01953125,NA,211.270004272461,13.0900001525879,0,NA,9822.1796875,NA,NA,0,2025-01-19 01:20:01
43,"7277cf","KOR671  ","Democratic People's Republic of Korea",1737249652,1737249652,127.538101196289,40.1069984436035,10058.400390625,NA,209.990005493164,4.3600001335144,-0.330000013113022,NA,9814.5595703125,NA,NA,0,2025-01-19 01:22:01
44,"7277cf","KOR671  ","Democratic People's Republic of Korea",1737249834,1737249836,127.850898742676,40.1586990356445,10058.400390625,NA,216.080001831055,162.690002441406,-0.649999976158142,NA,9799.3203125,NA,NA,0,2025-01-19 01:24:02
45,"7277cf","KOR671  ","Democratic People's Republic of Korea",1737249954,1737249955,127.707801818848,40.0047988891602,9387.83984375,NA,189.440002441406,247.820007324219,-3.57999992370605,NA,9159.240234375,NA,NA,0,2025-01-19 01:26:01
46,"7277cf","KOR671  ","Democratic People's Republic of Korea",1737250064,1737250071,127.497001647949,39.9118003845215,9151.6201171875,NA,188.940002441406,240.289993286133,-0.330000013113022,NA,8938.259765625,NA,NA,0,2025-01-19 01:28:01
47,"7277cf","KOR671  ","Democratic People's Republic of Korea",1737250146,1737250146,127.339996337891,39.842601776123,8801.099609375,NA,189.899993896484,240.100006103516,-10.7299995422363,NA,8770.6201171875,NA,NA,0,2025-01-19 01:30:02
48,"7277cf","KOR671  ","Democratic People's Republic of Korea",1737250146,1737250146,127.339996337891,39.842601776123,8801.099609375,NA,189.899993896484,240.100006103516,-10.7299995422363,NA,8770.6201171875,NA,NA,0,2025-01-19 01:32:02
49,"7277cf","KOR671  ","Democratic People's Republic of Korea",1737250439,1737250439,126.845802307129,39.598201751709,5966.4599609375,NA,160.149993896484,234.679992675781,-8.77999973297119,NA,5836.919921875,NA,NA,0,2025-01-19 01:34:01
50,"7277cf","KOR671  ","Democratic People's Republic of Korea",1737250559,1737250559,126.666702270508,39.4994010925293,4975.85986328125,NA,154.050003051758,234.240005493164,-7.48000001907349,NA,4861.56005859375,NA,NA,0,2025-01-19 01:36:01
51,"7277cf","KOR671  ","Democratic People's Republic of Korea",1737250677,1737250677,126.500099182129,39.4076995849609,4015.73999023438,NA,144.899993896484,234.389999389648,-7.15000009536743,NA,3924.30004882812,NA,NA,0,2025-01-19 01:38:02
52,"7277cf","KOR671  ","Democratic People's Republic of Korea",1737250792,1737250796,126.345497131348,39.3218002319336,3230.8798828125,NA,137.910003662109,234.410003662109,-5.84999990463257,NA,3154.67993164062,NA,NA,0,2025-01-19 01:40:02
53,"7277cf","KOR671  ","Democratic People's Republic of Korea",1737250919,1737250919,126.181396484375,39.2326011657715,2613.65991210938,NA,133.320007324219,268.010009765625,-8.44999980926514,NA,2552.69995117188,NA,NA,0,2025-01-19 01:42:01
54,"7277cf","KOR671  ","Democratic People's Republic of Korea",1737250939,1737250939,126.15119934082,39.2365989685059,2484.1201171875,NA,130.509994506836,284.149993896484,-5.53000020980835,NA,2438.39990234375,NA,NA,0,2025-01-19 01:44:02
55,"7277cf","KOR671  ","Democratic People's Republic of Korea",1737250939,1737250939,126.15119934082,39.2365989685059,2484.1201171875,NA,130.509994506836,284.149993896484,-5.53000020980835,NA,2438.39990234375,NA,NA,0,2025-01-19 01:46:02
56,"7277a8","","Democratic People's Republic of Korea",1737416400,1737416400,125.465103149414,39.4459991455078,3436.6201171875,NA,140.899993896484,324.510009765625,12.0299997329712,NA,3337.56005859375,NA,NA,0,2025-01-20 23:40:02
57,"7277a8","KOR151  ","Democratic People's Republic of Korea",1737416519,1737416519,125.337997436523,39.5712013244629,4815.83984375,NA,154.860000610352,320.119995117188,10.0799999237061,NA,4693.919921875,NA,NA,0,2025-01-20 23:42:02
58,"7277a8","KOR151  ","Democratic People's Republic of Korea",1737416634,1737416636,125.201202392578,39.6963996887207,6240.77978515625,NA,160.800003051758,314.220001220703,11.0500001907349,NA,6057.89990234375,NA,NA,0,2025-01-20 23:44:02
59,"7277a8","KOR151  ","Democratic People's Republic of Korea",1737416756,1737416756,125.032302856445,39.8230018615723,7528.56005859375,NA,171,314.019989013672,7.80000019073486,NA,7284.72021484375,NA,NA,0,2025-01-20 23:46:02
60,"7277a8","KOR152  ","Democratic People's Republic of Korea",1737438959,1737438959,125.066398620605,39.9268989562988,6103.6201171875,NA,192.770004272461,123.349998474121,-11.3800001144409,NA,5958.83984375,NA,NA,0,2025-01-21 05:56:02
61,"7277a8","KOR152  ","Democratic People's Republic of Korea",1737439024,1737439024,125.23509979248,39.8409004211426,4975.85986328125,NA,185.199996948242,123.559997558594,-10.0799999237061,NA,4937.759765625,NA,NA,0,2025-01-21 05:58:02
62,"7277a8","KOR152  ","Democratic People's Republic of Korea",1737439024,1737439024,125.23509979248,39.8409004211426,4975.85986328125,NA,185.199996948242,123.559997558594,-10.0799999237061,NA,4937.759765625,NA,NA,0,2025-01-21 06:00:02
63,"7277a8","KOR152  ","Democratic People's Republic of Korea",1737439024,1737439024,125.23509979248,39.8409004211426,4975.85986328125,NA,185.199996948242,123.559997558594,-10.0799999237061,NA,4937.759765625,NA,NA,0,2025-01-21 06:02:02
64,"7277a8","KOR155  ","Democratic People's Republic of Korea",1737515036,1737515036,125.446601867676,39.4660987854004,4434.83984375,NA,123.019996643066,325.049987792969,11.3800001144409,NA,4351.02001953125,NA,NA,0,2025-01-22 03:04:02
65,"7277a8","KOR155  ","Democratic People's Republic of Korea",1737515157,1737515157,125.331398010254,39.5782012939453,5715,NA,138.520004272461,320.579986572266,9.75,NA,5570.22021484375,NA,NA,0,2025-01-22 03:06:02
66,"7277a8","KOR155  ","Democratic People's Republic of Korea",1737515276,1737515276,125.199798583984,39.6973991394043,6019.7998046875,NA,148.080001831055,314.010009765625,0,NA,5890.259765625,NA,NA,0,2025-01-22 03:08:02
67,"7277a8","KOR155  ","Democratic People's Republic of Korea",1737515398,1737515399,125.046897888184,39.812198638916,6004.56005859375,NA,149.160003662109,314.160003662109,0,NA,5867.39990234375,NA,NA,0,2025-01-22 03:10:01
68,"ae64a7","HOIST78 ","United States",1737593021,1737593021,127.146697998047,37.9539985656738,403.859985351562,NA,64.879997253418,79.4899978637695,-2.27999997138977,NA,533.400024414062,NA,NA,0,2025-01-23 00:44:02
69,"ae64a7","HOIST78 ","United States",1737593142,1737593159,127.218597412109,37.9734992980957,266.700012207031,NA,54.4099998474121,344.649993896484,-0.330000013113022,NA,388.619995117188,NA,NA,0,2025-01-23 00:46:02
70,"ae64a7","HOIST78 ","United States",1737593142,1737593242,127.218597412109,37.9734992980957,266.700012207031,NA,25.4099998474121,21.3700008392334,-2.27999997138977,NA,403.859985351562,NA,NA,0,2025-01-23 00:48:01
71,"ae64a7","HOIST78 ","United States",1737593142,1737593242,127.218597412109,37.9734992980957,266.700012207031,NA,25.4099998474121,21.3700008392334,-2.27999997138977,NA,403.859985351562,NA,NA,0,2025-01-23 00:50:02
72,"ae64a7","HOIST78 ","United States",1737593142,1737593242,127.218597412109,37.9734992980957,266.700012207031,NA,25.4099998474121,21.3700008392334,-2.27999997138977,NA,403.859985351562,NA,NA,0,2025-01-23 00:52:02
73,"ae64a4","HOIST97 ","United States",1737634423,1737634424,127.072402954102,37.9229011535645,480.059997558594,NA,61.8600006103516,316.350006103516,-0.330000013113022,NA,586.739990234375,NA,NA,0,2025-01-23 12:14:02
74,"ae64a4","HOIST97 ","United States",1737634449,1737634454,127.062103271484,37.9342994689941,472.440002441406,NA,61.2700004577637,357.589996337891,0,NA,579.119995117188,NA,NA,0,2025-01-23 12:16:01
75,"ae64a4","HOIST97 ","United States",1737634671,1737634671,127.079696655273,38.0505981445312,68.5800018310547,NA,46.9900016784668,354.980010986328,-1.62999999523163,NA,198.119995117188,NA,NA,0,2025-01-23 12:18:01
76,"ae64a4","HOIST97 ","United States",1737634681,1737634681,127.079902648926,38.054500579834,38.0999984741211,NA,40.8899993896484,21.3999996185303,-2.59999990463257,NA,167.639999389648,NA,NA,0,2025-01-23 12:20:02
77,"ae64a4","HOIST97 ","United States",1737634681,1737634681,127.079902648926,38.054500579834,38.0999984741211,NA,40.8899993896484,21.3999996185303,-2.59999990463257,NA,167.639999389648,NA,NA,0,2025-01-23 12:22:02
78,"ae5a2d","KEEP25  ","United States",1737693111,1737693111,127.261596679688,37.9515991210938,342.899993896484,NA,52.7799987792969,353.839996337891,0.330000013113022,NA,464.820007324219,NA,NA,0,2025-01-24 04:32:02
79,"ae5a2d","KEEP25  ","United States",1737693212,1737693212,127.237197875977,37.9945983886719,335.279998779297,NA,48.1199989318848,331.239990234375,0,NA,464.820007324219,NA,NA,0,2025-01-24 04:34:02
80,"ae5a2d","KEEP25  ","United States",1737693212,1737693212,127.237197875977,37.9945983886719,335.279998779297,NA,48.1199989318848,331.239990234375,0,NA,464.820007324219,NA,NA,0,2025-01-24 04:36:02
81,"ae5a2d","KEEP25  ","United States",1737693212,1737693212,127.237197875977,37.9945983886719,335.279998779297,NA,48.1199989318848,331.239990234375,0,NA,464.820007324219,NA,NA,0,2025-01-24 04:38:02
82,"ae621d","HOIST08 ","United States",1737694066,1737694067,127.131698608398,37.9476013183594,457.200012207031,NA,48.7000007629395,58.8300018310547,0.980000019073486,NA,571.5,NA,NA,0,2025-01-24 04:48:02
83,"ae621d","HOIST08 ","United States",1737694125,1737694125,127.160598754883,37.9622001647949,457.200012207031,NA,52.689998626709,54.1399993896484,0,NA,571.5,NA,NA,0,2025-01-24 04:50:02
84,"ae621d","HOIST08 ","United States",1737694298,1737694316,127.247001647949,38.0068016052246,190.5,NA,49.0699996948242,29.5200004577637,-0.330000013113022,NA,312.420013427734,NA,NA,0,2025-01-24 04:52:02
85,"ae621d","HOIST08 ","United States",1737694350,1737694350,127.260200500488,38.0273017883301,144.779998779297,NA,49.0699996948242,29.5200004577637,-0.330000013113022,NA,312.420013427734,NA,NA,0,2025-01-24 04:54:02
86,"ae621d","HOIST08 ","United States",1737694350,1737694350,127.260200500488,38.0273017883301,144.779998779297,NA,49.0699996948242,29.5200004577637,-0.330000013113022,NA,312.420013427734,NA,NA,0,2025-01-24 04:56:01
87,"71ce75","","Republic of Korea",1737694877,1737694877,127.467697143555,38.0890998840332,891.539978027344,NA,32.1599998474121,172.649993896484,-0.980000019073486,NA,NA,NA,NA,0,2025-01-24 05:02:02
88,"71ce75","","Republic of Korea",1737694877,1737694877,127.467697143555,38.0890998840332,891.539978027344,NA,32.1599998474121,172.649993896484,-0.980000019073486,NA,NA,NA,NA,0,2025-01-24 05:04:02
89,"71ce75","","Republic of Korea",1737694877,1737694877,127.467697143555,38.0890998840332,891.539978027344,NA,32.1599998474121,172.649993896484,-0.980000019073486,NA,NA,NA,NA,0,2025-01-24 05:06:02
90,"ae64a7","HOIST78 ","United States",1737714873,1737714893,127.077499389648,37.996898651123,228.600006103516,NA,58.2400016784668,42.8499984741211,0.649999976158142,NA,365.760009765625,NA,NA,0,2025-01-24 10:36:02
91,"ae64a7","HOIST78 ","United States",1737714873,1737714893,127.077499389648,37.996898651123,228.600006103516,NA,58.2400016784668,42.8499984741211,0.649999976158142,NA,365.760009765625,NA,NA,0,2025-01-24 10:38:01
92,"ae64a7","HOIST78 ","United States",1737715164,1737715164,127.254302978516,38.0158996582031,274.320007324219,NA,57.25,40.9900016784668,0,NA,403.859985351562,NA,NA,0,2025-01-24 10:40:02
93,"ae64a7","HOIST78 ","United States",1737715313,1737715316,127.277000427246,38.0858993530273,342.899993896484,NA,37.8400001525879,11.7700004577637,-3.25,NA,480.059997558594,NA,NA,0,2025-01-24 10:42:02
94,"ae64a7","HOIST78 ","United States",1737715319,1737715319,127.277397155762,38.0876998901367,320.040008544922,NA,37.560001373291,13.4700002670288,-3.57999992370605,NA,457.200012207031,NA,NA,0,2025-01-24 10:44:01
95,"ae64a7","HOIST78 ","United States",1737715319,1737715319,127.277397155762,38.0876998901367,320.040008544922,NA,37.560001373291,13.4700002670288,-3.57999992370605,NA,457.200012207031,NA,NA,0,2025-01-24 10:46:01
96,"7277a8","KOR151  ","Democratic People's Republic of Korea",1737762367,1737762367,125.318199157715,39.5908012390137,5257.7998046875,NA,150.580001831055,320.549987792969,9.43000030517578,NA,5234.93994140625,NA,NA,0,2025-01-24 23:46:11
97,"7277a8","KOR151  ","Democratic People's Republic of Korea",1737762475,1737762476,125.190200805664,39.7050018310547,6393.18017578125,NA,161.539993286133,313.970001220703,8.44999980926514,NA,6355.080078125,NA,NA,0,2025-01-24 23:48:02
98,"7277a8","KOR151  ","Democratic People's Republic of Korea",1737762588,1737762588,125.035400390625,39.82080078125,7490.4599609375,NA,168.460006713867,313.890014648438,7.15000009536743,NA,7429.5,NA,NA,0,2025-01-24 23:50:01
99,"7277a9","KOR155  ","Democratic People's Republic of Korea",1737774595,1737774596,125.329200744629,39.5796012878418,4831.080078125,NA,159.990005493164,320.220001220703,12.3500003814697,NA,4861.56005859375,NA,NA,0,2025-01-25 03:10:02
100,"7277a9","KOR155  ","Democratic People's Republic of Korea",1737774719,1737774719,125.174003601074,39.717098236084,5974.080078125,NA,169.160003662109,314.630004882812,1.62999999523163,NA,6012.18017578125,NA,NA,0,2025-01-25 03:12:02
101,"7277a9","KOR155  ","Democratic People's Republic of Korea",1737774820,1737774820,125.033401489258,39.8222007751465,5996.93994140625,NA,160.809997558594,313.959991455078,0.330000013113022,NA,6027.419921875,NA,NA,0,2025-01-25 03:14:02
102,"71d91d","KNP969  ","Republic of Korea",1737870465,1737870467,127.305297851562,37.9418983459473,579.119995117188,NA,62.0099983215332,13.9200000762939,0,NA,670.559997558594,NA,NA,0,2025-01-26 05:48:02
103,"71d91d","KNP969  ","Republic of Korea",1737870569,1737870581,127.342903137207,37.9915008544922,579.119995117188,NA,56.7400016784668,4.15999984741211,0.330000013113022,NA,670.559997558594,NA,NA,0,2025-01-26 05:50:01
104,"71d91d","KNP969  ","Republic of Korea",1737870712,1737870714,127.270896911621,38.0196990966797,579.119995117188,NA,61.9500007629395,265.239990234375,-0.980000019073486,NA,670.559997558594,NA,NA,0,2025-01-26 05:52:01
105,"71d91d","KNP969  ","Republic of Korea",1737870772,1737870784,127.239700317383,38.0013999938965,579.119995117188,NA,60.2799987792969,201.529998779297,0,NA,670.559997558594,NA,NA,0,2025-01-26 05:54:02
106,"71d91d","KNP969  ","Republic of Korea",1737870955,1737870955,127.222198486328,37.907901763916,579.119995117188,NA,54.6199989318848,183.240005493164,0,NA,670.559997558594,NA,NA,0,2025-01-26 05:56:01
107,"7277a9","KOR155  ","Democratic People's Republic of Korea",1737939836,1737939836,125.071502685547,39.793701171875,5829.2998046875,NA,196.100006103516,314.040008544922,2.27999997138977,NA,5455.919921875,NA,NA,0,2025-01-27 01:04:01
108,"7277cf","KOR151  ","Democratic People's Republic of Korea",1738021421,1738021424,125.270599365234,39.6346015930176,5356.85986328125,NA,141.490005493164,320.75,10.0799999237061,NA,5021.580078125,NA,NA,0,2025-01-27 23:44:02
109,"7277cf","KOR151  ","Democratic People's Republic of Korea",1738021555,1738021555,125.10669708252,39.7676010131836,6728.4599609375,NA,163.350006103516,314.109985351562,9.43000030517578,NA,6301.740234375,NA,NA,0,2025-01-27 23:46:02
110,"ae64a4","HOIST78 ","United States",1738119452,1738119461,127.057800292969,37.9085998535156,167.639999389648,NA,44.3499984741211,356.010009765625,-1.95000004768372,NA,281.940002441406,NA,NA,0,2025-01-29 02:58:01
111,"ae64a4","HOIST78 ","United States",1738119523,1738119526,127.0625,37.9271011352539,7.61999988555908,NA,11.6599998474121,41.4199981689453,-2.59999990463257,NA,137.160003662109,NA,NA,0,2025-01-29 03:00:02
112,"ae64a4","HOIST78 ","United States",1738119523,1738119526,127.0625,37.9271011352539,7.61999988555908,NA,11.6599998474121,41.4199981689453,-2.59999990463257,NA,137.160003662109,NA,NA,0,2025-01-29 03:02:02
113,"ae64a4","HOIST78 ","United States",1738119523,1738119526,127.0625,37.9271011352539,7.61999988555908,NA,11.6599998474121,41.4199981689453,-2.59999990463257,NA,137.160003662109,NA,NA,0,2025-01-29 03:04:02
114,"7277a9","KOR155  ","Democratic People's Republic of Korea",1738120068,1738120068,125.353797912598,39.5567016601562,5379.72021484375,NA,157.820007324219,320.290008544922,13.3299999237061,NA,5120.64013671875,NA,NA,0,2025-01-29 03:08:01
115,"7277a9","KOR155  ","Democratic People's Republic of Korea",1738120184,1738120184,125.216300964355,39.6846008300781,6004.56005859375,NA,155.350006103516,315.940002441406,-0.330000013113022,NA,5722.6201171875,NA,NA,0,2025-01-29 03:10:01
116,"7277a9","KOR155  ","Democratic People's Republic of Korea",1738120303,1738120304,125.063903808594,39.7993011474609,5996.93994140625,NA,153.880004882812,314.320007324219,0.330000013113022,NA,5699.759765625,NA,NA,0,2025-01-29 03:12:02
117,"ae64a4","EVAC78  ","United States",1738197827,1738197827,127.060699462891,37.9249000549316,60.9599990844727,NA,20.3799991607666,10.1800003051758,-1.95000004768372,NA,220.979995727539,NA,NA,0,2025-01-30 00:44:02
118,"ae64a4","EVAC78  ","United States",1738197855,1738197913,127.062698364258,37.9275016784668,-38.0999984741211,NA,0.730000019073486,315,0.330000013113022,NA,144.779998779297,NA,NA,0,2025-01-30 00:46:01
119,"ae64a4","EVAC78  ","United States",1738197855,1738197913,127.062698364258,37.9275016784668,-38.0999984741211,NA,0.730000019073486,315,0.330000013113022,NA,144.779998779297,NA,NA,0,2025-01-30 00:48:01
120,"ae64a4","EVAC78  ","United States",1738197855,1738197913,127.062698364258,37.9275016784668,-38.0999984741211,NA,0.730000019073486,315,0.330000013113022,NA,144.779998779297,NA,NA,0,2025-01-30 00:50:02
121,"71c588","ESR207  ","Republic of Korea",1738282410,1738282415,130.100204467773,41.6553001403809,6705.60009765625,NA,209.679992675781,185.070007324219,0,NA,6751.31982421875,NA,NA,0,2025-01-31 00:14:02
122,"7277cf","KOR151  ","Democratic People's Republic of Korea",1738626235,1738626235,125.357803344727,39.5523986816406,4754.8798828125,NA,130.490005493164,320.600006103516,9.75,NA,4450.080078125,NA,NA,0,2025-02-03 23:44:01
123,"7277cf","KOR151  ","Democratic People's Republic of Korea",1738626357,1738626358,125.235801696777,39.6674995422363,6004.56005859375,NA,139.25,320.549987792969,9.43000030517578,NA,5608.31982421875,NA,NA,0,2025-02-03 23:46:02
124,"7277cf","KOR151  ","Democratic People's Republic of Korea",1738626470,1738626471,125.104400634766,39.7692985534668,7139.93994140625,NA,144.440002441406,313.989990234375,9.43000030517578,NA,6667.5,NA,NA,0,2025-02-03 23:48:01
125,"ae64a4","HOIST78 ","United States",1738660725,1738660749,127.149597167969,37.9850997924805,533.400024414062,NA,65.9300003051758,106.309997558594,-0.649999976158142,NA,556.260009765625,NA,NA,0,2025-02-04 09:20:02
126,"ae64a4","HOIST78 ","United States",1738660908,1738660909,127.260696411133,38.0099983215332,518.159973144531,NA,59.4799995422363,40.439998626709,-1.29999995231628,NA,541.02001953125,NA,NA,0,2025-02-04 09:22:02
127,"ae64a4","HOIST78 ","United States",1738660993,1738660993,127.271797180176,38.0508003234863,342.899993896484,NA,56.75,8.85999965667725,0.330000013113022,NA,381,NA,NA,0,2025-02-04 09:24:01
128,"ae64a4","HOIST78 ","United States",1738660993,1738660993,127.271797180176,38.0508003234863,342.899993896484,NA,56.75,8.85999965667725,0.330000013113022,NA,381,NA,NA,0,2025-02-04 09:26:01
129,"ae64a4","HOIST78 ","United States",1738660993,1738660993,127.271797180176,38.0508003234863,342.899993896484,NA,56.75,8.85999965667725,0.330000013113022,NA,381,NA,NA,0,2025-02-04 09:28:01
130,"ae64a4","HOIST78 ","United States",1738662655,1738662655,127.261901855469,37.937198638916,487.679992675781,NA,64,175.389999389648,0.649999976158142,NA,510.540008544922,NA,NA,0,2025-02-04 09:52:02
131,"ae64a4","HOIST78 ","United States",1738664275,1738664275,127.056900024414,37.9108009338379,213.360000610352,NA,47.6100006103516,6.19999980926514,-3.25,NA,373.380004882812,NA,NA,0,2025-02-04 10:18:02
132,"ae64a4","HOIST78 ","United States",1738664358,1738664358,127.063400268555,37.9280014038086,30.4799995422363,NA,16.7299995422363,45,-5.19999980926514,NA,220.979995727539,NA,NA,0,2025-02-04 10:20:01
133,"ae64a4","HOIST78 ","United States",1738664358,1738664358,127.063400268555,37.9280014038086,30.4799995422363,NA,16.7299995422363,45,-5.19999980926514,NA,220.979995727539,NA,NA,0,2025-02-04 10:22:04
134,"ae64a4","HOIST78 ","United States",1738664358,1738664358,127.063400268555,37.9280014038086,30.4799995422363,NA,16.7299995422363,45,-5.19999980926514,NA,220.979995727539,NA,NA,0,2025-02-04 10:24:02
135,"ae647d","CARD40  ","United States",1738715876,1738715876,127.212699890137,37.9297981262207,373.380004882812,NA,57.1100006103516,0.519999980926514,-0.649999976158142,NA,419.100006103516,NA,NA,0,2025-02-05 00:38:02
136,"ae647d","CARD40  ","United States",1738715951,1738715954,127.209396362305,37.9645004272461,373.380004882812,NA,49.0499992370605,347.279998779297,-2.9300000667572,NA,419.100006103516,NA,NA,0,2025-02-05 00:40:02
137,"ae647d","CARD40  ","United States",1738715951,1738715954,127.209396362305,37.9645004272461,373.380004882812,NA,49.0499992370605,347.279998779297,-2.9300000667572,NA,419.100006103516,NA,NA,0,2025-02-05 00:42:01
138,"ae647d","CARD40  ","United States",1738715951,1738715954,127.209396362305,37.9645004272461,373.380004882812,NA,49.0499992370605,347.279998779297,-2.9300000667572,NA,419.100006103516,NA,NA,0,2025-02-05 00:44:02
139,"ae0a48","R9426590","United States",1738716801,1738716829,127.319900512695,37.9225006103516,731.52001953125,NA,61.0499992370605,20.7299995422363,-1.62999999523163,NA,777.239990234375,NA,NA,0,2025-02-05 00:54:02
140,"ae0a48","R9426590","United States",1738716947,1738716952,127.370300292969,37.9950981140137,853.440002441406,NA,65.0699996948242,33.060001373291,1.95000004768372,NA,883.919982910156,NA,NA,0,2025-02-05 00:56:01
141,"ae0a48","R9426590","United States",1738717067,1738717070,127.397003173828,38.0578002929688,853.440002441406,NA,65.4100036621094,2.70000004768372,-4.23000001907349,NA,853.440002441406,NA,NA,0,2025-02-05 00:58:02
142,"ae0a48","R9426590","United States",1738717086,1738717088,127.397598266602,38.0691986083984,792.47998046875,NA,65.4300003051758,3.15000009536743,-3.25,NA,807.719970703125,NA,NA,0,2025-02-05 01:00:03
143,"ae0a48","R9426590","United States",1738717086,1738717088,127.397598266602,38.0691986083984,792.47998046875,NA,65.4300003051758,3.15000009536743,-3.25,NA,807.719970703125,NA,NA,0,2025-02-05 01:02:01
144,"ae647d","CARD40  ","United States",1738718933,1738718933,127.0791015625,37.9249992370605,243.839996337891,NA,52.5800018310547,329.420013427734,-3.25,NA,312.420013427734,NA,NA,0,2025-02-05 01:30:02
145,"ae647d","CARD40  ","United States",1738718933,1738718933,127.0791015625,37.9249992370605,243.839996337891,NA,52.5800018310547,329.420013427734,-3.25,NA,312.420013427734,NA,NA,0,2025-02-05 01:32:01
146,"ae647d","CARD40  ","United States",1738718933,1738718933,127.0791015625,37.9249992370605,243.839996337891,NA,52.5800018310547,329.420013427734,-3.25,NA,312.420013427734,NA,NA,0,2025-02-05 01:34:02
147,"7277a9","KOR155  ","Democratic People's Republic of Korea",1738725116,1738725117,125.413597106934,39.4987983703613,4114.7998046875,NA,144.539993286133,321.209991455078,10.0799999237061,NA,3817.6201171875,NA,NA,0,2025-02-05 03:12:02
148,"7277a9","KOR155  ","Democratic People's Republic of Korea",1738725235,1738725236,125.283798217773,39.6226005554199,5608.31982421875,NA,152.100006103516,320.769989013672,10.0799999237061,NA,5196.83984375,NA,NA,0,2025-02-05 03:14:02
149,"7277a9","KOR155  ","Democratic People's Republic of Korea",1738725350,1738725350,125.146003723145,39.7384986877441,6004.56005859375,NA,154.25,314.190002441406,0,NA,5570.22021484375,NA,NA,0,2025-02-05 03:16:01
150,"7277a9","KOR155  ","Democratic People's Republic of Korea",1738725380,1738725444,125.107498168945,39.7671012878418,6004.56005859375,NA,154.259994506836,313.920013427734,0,NA,5570.22021484375,NA,NA,0,2025-02-05 03:18:02
151,"7277a9","KOR155  ","Democratic People's Republic of Korea",1738725380,1738725444,125.107498168945,39.7671012878418,6004.56005859375,NA,154.259994506836,313.920013427734,0,NA,5570.22021484375,NA,NA,0,2025-02-05 03:20:02
152,"7277a9","KOR155  ","Democratic People's Republic of Korea",1738725380,1738725444,125.107498168945,39.7671012878418,6004.56005859375,NA,154.259994506836,313.920013427734,0,NA,5570.22021484375,NA,NA,0,2025-02-05 03:22:02
153,"ae64a6","HOIST13 ","United States",1738729785,1738729786,127.059997558594,37.9238014221191,114.300003051758,NA,22.3199996948242,25.9699993133545,-3.90000009536743,NA,167.639999389648,NA,NA,0,2025-02-05 04:30:01
154,"ae64a6","HOIST13 ","United States",1738729785,1738729786,127.059997558594,37.9238014221191,114.300003051758,NA,22.3199996948242,25.9699993133545,-3.90000009536743,NA,167.639999389648,NA,NA,0,2025-02-05 04:32:02
155,"ae64a6","HOIST13 ","United States",1738729785,1738729786,127.059997558594,37.9238014221191,114.300003051758,NA,22.3199996948242,25.9699993133545,-3.90000009536743,NA,167.639999389648,NA,NA,0,2025-02-05 04:34:02
156,"ae64a4","HOIST13 ","United States",1738891797,1738891799,127.060501098633,37.9247016906738,83.8199996948242,NA,13.5900001525879,29.4799995422363,-2.27999997138977,NA,175.259994506836,NA,NA,0,2025-02-07 01:30:01
157,"ae64a4","HOIST13 ","United States",1738891892,1738891892,127.063598632812,37.9282989501953,7.61999988555908,NA,0.509999990463257,0,-0.330000013113022,NA,190.5,NA,NA,0,2025-02-07 01:32:01
158,"ae64a4","HOIST13 ","United States",1738891892,1738891938,127.063598632812,37.9282989501953,7.61999988555908,NA,1.14999997615814,206.570007324219,0.649999976158142,NA,106.680000305176,NA,NA,0,2025-02-07 01:34:02
159,"ae64a4","HOIST13 ","United States",1738891892,1738891938,127.063598632812,37.9282989501953,7.61999988555908,NA,1.14999997615814,206.570007324219,0.649999976158142,NA,106.680000305176,NA,NA,0,2025-02-07 01:36:01
160,"7277d0","KOR371  ","Democratic People's Republic of Korea",1738892399,1738892399,126.07039642334,39.2671012878418,3680.4599609375,NA,151.910003662109,98.5699996948242,10.7299995422363,NA,3406.13989257812,NA,NA,0,2025-02-07 01:40:02
161,"7277d0","KOR371  ","Democratic People's Republic of Korea",1738892510,1738892510,126.258903503418,39.2708015441895,4953,NA,142.449996948242,51.5999984741211,11.6999998092651,NA,4533.89990234375,NA,NA,0,2025-02-07 01:42:01
162,"7277d0","KOR371  ","Democratic People's Republic of Korea",1738892638,1738892638,126.443298339844,39.3769989013672,6050.27978515625,NA,163.619995117188,54.2099990844727,7.15000009536743,NA,5547.35986328125,NA,NA,0,2025-02-07 01:44:01
163,"7277d0","KOR371  ","Democratic People's Republic of Korea",1738892752,1738892752,126.628700256348,39.4790992736816,6873.240234375,NA,178.149993896484,54.5200004577637,8.13000011444092,NA,6324.60009765625,NA,NA,0,2025-02-07 01:46:04
164,"7277d0","KOR371  ","Democratic People's Republic of Korea",1738892880,1738892880,126.850196838379,39.6008987426758,7772.39990234375,NA,190.410003662109,54.6800003051758,4.88000011444092,NA,7170.419921875,NA,NA,0,2025-02-07 01:48:02
165,"7277d0","KOR371  ","Democratic People's Republic of Korea",1738892998,1738892998,127.074600219727,39.7229995727539,8481.0595703125,NA,199.809997558594,54.9599990844727,8.77999973297119,NA,7879.080078125,NA,NA,0,2025-02-07 01:50:02
166,"7277d0","KOR371  ","Democratic People's Republic of Korea",1738893028,1738893028,127.135299682617,39.7515983581543,8648.7001953125,NA,204.190002441406,60.0800018310547,3.90000009536743,NA,8001,NA,NA,0,2025-02-07 01:52:01
167,"7277d0","KOR371  ","Democratic People's Republic of Korea",1738893028,1738893199,127.135299682617,39.7515983581543,8648.7001953125,NA,225.369995117188,60.1599998474121,2.9300000667572,NA,8023.85986328125,NA,NA,0,2025-02-07 01:54:02
168,"7277d0","KOR371  ","Democratic People's Republic of Korea",1738893348,1738893348,127.857597351074,40.0796012878418,9456.419921875,NA,246.949996948242,58.8899993896484,-0.330000013113022,NA,8801.099609375,NA,NA,0,2025-02-07 01:56:02
169,"7277d0","KOR371  ","Democratic People's Republic of Korea",1738893455,1738893455,128.129501342773,40.2047996520996,9448.7998046875,NA,252.860000610352,59.1599998474121,0,NA,8785.8603515625,NA,NA,0,2025-02-07 01:58:01
170,"7277d0","KOR371  ","Democratic People's Republic of Korea",1738893500,1738893500,128.244293212891,40.2574005126953,9456.419921875,NA,251.710006713867,59.1399993896484,-0.330000013113022,NA,8785.8603515625,NA,NA,0,2025-02-07 02:00:01
171,"7277d0","KOR371  ","Democratic People's Republic of Korea",1738893500,1738893500,128.244293212891,40.2574005126953,9456.419921875,NA,251.710006713867,59.1399993896484,-0.330000013113022,NA,8785.8603515625,NA,NA,0,2025-02-07 02:02:02
172,"71cb15","","Republic of Korea",1738901329,1738901329,127.035598754883,37.9207992553711,426.720001220703,NA,45.6500015258789,219.970001220703,0.330000013113022,NA,449.579986572266,NA,NA,0,2025-02-07 04:10:01
173,"71cb15","","Republic of Korea",1738901329,1738901329,127.035598754883,37.9207992553711,426.720001220703,NA,45.6500015258789,219.970001220703,0.330000013113022,NA,449.579986572266,NA,NA,0,2025-02-07 04:12:02
174,"71cb15","","Republic of Korea",1738901329,1738901329,127.035598754883,37.9207992553711,426.720001220703,NA,45.6500015258789,219.970001220703,0.330000013113022,NA,449.579986572266,NA,NA,0,2025-02-07 04:14:02
175,"7277d0","KOR372  ","Democratic People's Republic of Korea",1738908583,1738908583,127.704696655273,40.0088005065918,9151.6201171875,NA,188.630004882812,238.610000610352,0.330000013113022,NA,8511.5400390625,NA,NA,0,2025-02-07 06:10:01
176,"7277d0","KOR372  ","Democratic People's Republic of Korea",1738908583,1738908583,127.704696655273,40.0088005065918,9151.6201171875,NA,188.630004882812,238.610000610352,0.330000013113022,NA,8511.5400390625,NA,NA,0,2025-02-07 06:12:01
177,"7277d0","KOR372  ","Democratic People's Republic of Korea",1738908583,1738908583,127.704696655273,40.0088005065918,9151.6201171875,NA,188.630004882812,238.610000610352,0.330000013113022,NA,8511.5400390625,NA,NA,0,2025-02-07 06:14:02
178,"7277d0","KOR372  ","Democratic People's Republic of Korea",1738909191,1738909191,126.631797790527,39.4808006286621,5387.33984375,NA,176.119995117188,234.869995117188,-5.84999990463257,NA,4983.47998046875,NA,NA,0,2025-02-07 06:20:02
179,"7277d0","KOR372  ","Democratic People's Republic of Korea",1738909317,1738909317,126.427101135254,39.367000579834,4610.10009765625,NA,166.009994506836,234.589996337891,-5.53000020980835,NA,4290.06005859375,NA,NA,0,2025-02-07 06:22:02
180,"7277d0","KOR372  ","Democratic People's Republic of Korea",1738909420,1738909420,126.268096923828,39.2784004211426,3886.19995117188,NA,160.029998779297,234.419998168945,-7.15000009536743,NA,3726.17993164062,NA,NA,0,2025-02-07 06:24:01
181,"7277d0","KOR372  ","Democratic People's Republic of Korea",1738909528,1738909528,126.097503662109,39.2644996643066,3230.8798828125,NA,136.910003662109,281.269989013672,-7.48000001907349,NA,3055.6201171875,NA,NA,0,2025-02-07 06:26:02
182,"7277d0","KOR372  ","Democratic People's Republic of Korea",1738909528,1738909528,126.097503662109,39.2644996643066,3230.8798828125,NA,136.910003662109,281.269989013672,-7.48000001907349,NA,3055.6201171875,NA,NA,0,2025-02-07 06:28:02
183,"7277d0","KOR372  ","Democratic People's Republic of Korea",1738909528,1738909528,126.097503662109,39.2644996643066,3230.8798828125,NA,136.910003662109,281.269989013672,-7.48000001907349,NA,3055.6201171875,NA,NA,0,2025-02-07 06:30:01
184,"7277a8","KOR151  ","Democratic People's Republic of Korea",1738971838,1738971838,125.297302246094,39.6096992492676,6004.56005859375,NA,153.220001220703,320.859985351562,9.43000030517578,NA,5661.66015625,NA,NA,0,2025-02-07 23:44:01
185,"7277a8","KOR151  ","Democratic People's Republic of Korea",1738971949,1738971949,125.164199829102,39.7248001098633,7399.02001953125,NA,153.149993896484,315.410003662109,12.0299997329712,NA,6964.68017578125,NA,NA,0,2025-02-07 23:46:02
186,"7277a8","KOR151  ","Democratic People's Republic of Korea",1738972057,1738972058,125.028701782227,39.8255004882812,8602.98046875,NA,150.630004882812,313.890014648438,7.15000009536743,NA,8191.5,NA,NA,0,2025-02-07 23:48:02
187,"7277a9","KOR155  ","Democratic People's Republic of Korea",1738984069,1738984069,125.179000854492,39.7131996154785,5996.93994140625,NA,175.339996337891,314.760009765625,2.27999997138977,NA,5775.9599609375,NA,NA,0,2025-02-08 03:08:02
188,"7277a9","KOR155  ","Democratic People's Republic of Korea",1738984086,1738984093,125.15599822998,39.730899810791,5996.93994140625,NA,172.429992675781,314.519989013672,-0.330000013113022,NA,5783.580078125,NA,NA,0,2025-02-08 03:10:02
189,"7277a9","KOR155  ","Democratic People's Republic of Korea",1738984086,1738984093,125.15599822998,39.730899810791,5996.93994140625,NA,172.429992675781,314.519989013672,-0.330000013113022,NA,5783.580078125,NA,NA,0,2025-02-08 03:12:02
190,"7277a8","KOR155  ","Democratic People's Republic of Korea",1739146675,1739146676,125.270500183105,39.6348991394043,6027.419921875,NA,162.229995727539,320.399993896484,0.980000019073486,NA,5783.580078125,NA,NA,0,2025-02-10 00:18:01
191,"7277a8","KOR155  ","Democratic People's Republic of Korea",1739146732,1739146735,125.199897766113,39.6973991394043,6012.18017578125,NA,157.889999389648,314.209991455078,0,NA,5768.33984375,NA,NA,0,2025-02-10 00:20:02
192,"7277a8","KOR155  ","Democratic People's Republic of Korea",1739146732,1739146735,125.199897766113,39.6973991394043,6012.18017578125,NA,157.889999389648,314.209991455078,0,NA,5768.33984375,NA,NA,0,2025-02-10 00:22:02
193,"7277a8","KOR155  ","Democratic People's Republic of Korea",1739146732,1739146735,125.199897766113,39.6973991394043,6012.18017578125,NA,157.889999389648,314.209991455078,0,NA,5768.33984375,NA,NA,0,2025-02-10 00:24:02
194,"71d91d","KNP969  ","Republic of Korea",1739164786,1739164787,127.099700927734,37.9276008605957,480.059997558594,NA,48.689998626709,38.5699996948242,-0.980000019073486,NA,586.739990234375,NA,NA,0,2025-02-10 05:20:02
195,"71d91d","KNP969  ","Republic of Korea",1739164829,1739164838,127.113998413086,37.9424018859863,480.059997558594,NA,47.0200004577637,37,0.330000013113022,NA,586.739990234375,NA,NA,0,2025-02-10 05:22:02
196,"7277a9","KOR151  ","Democratic People's Republic of Korea",1739231276,1739231277,125.242202758789,39.6622009277344,5913.1201171875,NA,165.600006103516,320.670013427734,13,NA,5882.64013671875,NA,NA,0,2025-02-10 23:48:01
197,"7277a9","KOR151  ","Democratic People's Republic of Korea",1739231389,1739231389,125.090599060059,39.779598236084,7200.89990234375,NA,171.009994506836,313.779998779297,9.75,NA,7147.56005859375,NA,NA,0,2025-02-10 23:50:02
198,"7277a8","KOR155  ","Democratic People's Republic of Korea",1739330476,1739330477,125.351097106934,39.5587997436523,5326.3798828125,NA,143.070007324219,319.670013427734,10.7299995422363,NA,5128.259765625,NA,NA,0,2025-02-12 03:22:01
199,"7277a8","KOR155  ","Democratic People's Republic of Korea",1739330620,1739330620,125.191398620605,39.7037010192871,6004.56005859375,NA,144.429992675781,314.279998779297,0,NA,5783.580078125,NA,NA,0,2025-02-12 03:24:02
200,"7277a8","KOR155  ","Democratic People's Republic of Korea",1739330646,1739330646,125.159202575684,39.7286987304688,6004.56005859375,NA,144.429992675781,314.279998779297,0,NA,5783.580078125,NA,NA,0,2025-02-12 03:26:02
201,"7277a8","KOR155  ","Democratic People's Republic of Korea",1739330646,1739330646,125.159202575684,39.7286987304688,6004.56005859375,NA,144.429992675781,314.279998779297,0,NA,5783.580078125,NA,NA,0,2025-02-12 03:28:02
202,"ae6495","CARD44  ","United States",1739440407,1739440407,127.266899108887,38.0228004455566,243.839996337891,NA,60.7599983215332,21.3500003814697,1.62999999523163,NA,335.279998779297,NA,NA,0,2025-02-13 09:56:02
203,"ae6495","CARD44  ","United States",1739440407,1739440407,127.266899108887,38.0228004455566,243.839996337891,NA,60.7599983215332,21.3500003814697,1.62999999523163,NA,335.279998779297,NA,NA,0,2025-02-13 09:58:02
204,"7277d0","KOR371  ","Democratic People's Republic of Korea",1739497546,1739497546,126.090797424316,39.2649002075195,3520.43994140625,NA,164.940002441406,98.6100006103516,10.3999996185303,NA,3368.0400390625,NA,NA,0,2025-02-14 01:46:02
205,"7277d0","KOR371  ","Democratic People's Republic of Korea",1739497671,1739497671,126.312103271484,39.3031005859375,4785.35986328125,NA,170.919998168945,54.060001373291,10.7299995422363,NA,4556.759765625,NA,NA,0,2025-02-14 01:48:02
206,"7277d0","KOR371  ","Democratic People's Republic of Korea",1739497799,1739497799,126.525901794434,39.4220008850098,6096,NA,181.860000610352,54.560001373291,9.75,NA,6027.419921875,NA,NA,0,2025-02-14 01:50:02
207,"7277d0","KOR371  ","Democratic People's Republic of Korea",1739497916,1739497916,126.733703613281,39.5368003845215,7040.8798828125,NA,195.259994506836,54.7599983215332,7.15000009536743,NA,6934.2001953125,NA,NA,0,2025-02-14 01:52:01
208,"7277d0","KOR371  ","Democratic People's Republic of Korea",1739497987,1739497989,126.866500854492,39.6096000671387,7551.419921875,NA,201.839996337891,54.6500015258789,7.15000009536743,NA,7437.1201171875,NA,NA,0,2025-02-14 01:54:01
209,"7277d0","KOR371  ","Democratic People's Republic of Korea",1739497987,1739497989,126.866500854492,39.6096000671387,7551.419921875,NA,201.839996337891,54.6500015258789,7.15000009536743,NA,7437.1201171875,NA,NA,0,2025-02-14 01:56:02
210,"7277d0","KOR371  ","Democratic People's Republic of Korea",1739497987,1739497989,126.866500854492,39.6096000671387,7551.419921875,NA,201.839996337891,54.6500015258789,7.15000009536743,NA,7437.1201171875,NA,NA,0,2025-02-14 01:58:12
211,"7277d0","KOR371  ","Democratic People's Republic of Korea",1739498391,1739498391,127.733703613281,40.0220985412598,9456.419921875,NA,247.210006713867,58.7900009155273,-0.649999976158142,NA,9243.0595703125,NA,NA,0,2025-02-14 02:00:02
212,"7277d0","KOR371  ","Democratic People's Republic of Korea",1739498500,1739498500,128.008407592773,40.1491012573242,9448.7998046875,NA,251.529998779297,58.9799995422363,0.330000013113022,NA,9227.8203125,NA,NA,0,2025-02-14 02:02:01
213,"7277d0","KOR371  ","Democratic People's Republic of Korea",1739498545,1739498545,128.122894287109,40.2018013000488,9456.419921875,NA,251.529998779297,58.9799995422363,0.330000013113022,NA,9227.8203125,NA,NA,0,2025-02-14 02:04:01
214,"7277d0","KOR371  ","Democratic People's Republic of Korea",1739498545,1739498545,128.122894287109,40.2018013000488,9456.419921875,NA,251.529998779297,58.9799995422363,0.330000013113022,NA,9227.8203125,NA,NA,0,2025-02-14 02:06:02
215,"ae64a6","HOIST78 ","United States",1739510294,1739510311,127.085403442383,37.9020004272461,388.619995117188,NA,52.6399993896484,338.200012207031,0,NA,464.820007324219,NA,NA,0,2025-02-14 05:20:02
216,"ae64a6","HOIST78 ","United States",1739510294,1739510311,127.085403442383,37.9020004272461,388.619995117188,NA,52.6399993896484,338.200012207031,0,NA,464.820007324219,NA,NA,0,2025-02-14 05:22:02
217,"ae64a6","HOIST78 ","United States",1739511109,1739511109,127.205101013184,38.128101348877,792.47998046875,NA,50.25,79.379997253418,-0.649999976158142,NA,868.679992675781,NA,NA,0,2025-02-14 05:32:02
218,"ae64a6","HOIST78 ","United States",1739511109,1739511109,127.205101013184,38.128101348877,792.47998046875,NA,50.25,79.379997253418,-0.649999976158142,NA,868.679992675781,NA,NA,0,2025-02-14 05:34:01
219,"ae64a6","HOIST78 ","United States",1739511109,1739511109,127.205101013184,38.128101348877,792.47998046875,NA,50.25,79.379997253418,-0.649999976158142,NA,868.679992675781,NA,NA,0,2025-02-14 05:36:03
220,"ae64a6","HOIST78 ","United States",1739512430,1739512430,127.189102172852,37.9435997009277,754.380004882812,NA,46.2000007629395,224.550003051758,4.23000001907349,NA,784.859985351562,NA,NA,0,2025-02-14 05:54:02
221,"ae64a6","HOIST78 ","United States",1739512559,1739512559,127.146797180176,37.9112014770508,731.52001953125,NA,25.2299995422363,249.720001220703,0,NA,807.719970703125,NA,NA,0,2025-02-14 05:56:02
222,"7277d0","KOR372  ","Democratic People's Republic of Korea",1739513627,1739513631,127.719497680664,40.0155982971191,9144,NA,163.660003662109,238.759994506836,0,NA,8900.16015625,NA,NA,0,2025-02-14 06:14:02
223,"7277d0","KOR372  ","Democratic People's Republic of Korea",1739513643,1739513645,127.694702148438,40.0041007995605,9144,NA,162.960006713867,238.820007324219,0.330000013113022,NA,8900.16015625,NA,NA,0,2025-02-14 06:16:01
224,"7277d0","KOR372  ","Democratic People's Republic of Korea",1739513643,1739513645,127.694702148438,40.0041007995605,9144,NA,162.960006713867,238.820007324219,0.330000013113022,NA,8900.16015625,NA,NA,0,2025-02-14 06:18:01
225,"7277d0","KOR372  ","Democratic People's Republic of Korea",1739514349,1739514358,126.572898864746,39.448600769043,4404.35986328125,NA,155.910003662109,234.259994506836,-6.82999992370605,NA,4320.5400390625,NA,NA,0,2025-02-14 06:26:02
226,"7277d0","KOR372  ","Democratic People's Republic of Korea",1739514470,1739514470,126.397201538086,39.350399017334,3589.02001953125,NA,154.169998168945,234.509994506836,-7.48000001907349,NA,3528.06005859375,NA,NA,0,2025-02-14 06:28:02
227,"7277d0","KOR372  ","Democratic People's Republic of Korea",1739514518,1739514518,126.327697753906,39.3116989135742,3208.02001953125,NA,152.080001831055,233.940002441406,-8.13000011444092,NA,3139.43994140625,NA,NA,0,2025-02-14 06:30:01
228,"7277d0","KOR372  ","Democratic People's Republic of Korea",1739514518,1739514518,126.327697753906,39.3116989135742,3208.02001953125,NA,152.080001831055,233.940002441406,-8.13000011444092,NA,3139.43994140625,NA,NA,0,2025-02-14 06:32:02
229,"7277d0","KOR372  ","Democratic People's Republic of Korea",1739514518,1739514518,126.327697753906,39.3116989135742,3208.02001953125,NA,152.080001831055,233.940002441406,-8.13000011444092,NA,3139.43994140625,NA,NA,0,2025-02-14 06:34:02
230,"7277d0","KOR151  ","Democratic People's Republic of Korea",1739576844,1739576854,125.248199462891,39.6553001403809,5052.06005859375,NA,151.050003051758,320.940002441406,10.7299995422363,NA,4831.080078125,NA,NA,0,2025-02-14 23:48:02
231,"7277a9","","Democratic People's Republic of Korea",1739589232,1739589232,125.032402038574,39.8228988647461,5996.93994140625,NA,174.279998779297,313.920013427734,0,NA,5913.1201171875,NA,NA,0,2025-02-15 03:14:02
232,"ae620e","CARD93  ","United States",1739746740,1739746740,127.190101623535,37.9261016845703,266.700012207031,NA,57.2099990844727,11.4099998474121,1.29999995231628,NA,373.380004882812,NA,NA,0,2025-02-16 23:00:02
233,"ae620e","CARD93  ","United States",1739746740,1739746740,127.190101623535,37.9261016845703,266.700012207031,NA,57.2099990844727,11.4099998474121,1.29999995231628,NA,373.380004882812,NA,NA,0,2025-02-16 23:02:02
234,"ae620e","CARD93  ","United States",1739746740,1739746740,127.190101623535,37.9261016845703,266.700012207031,NA,57.2099990844727,11.4099998474121,1.29999995231628,NA,373.380004882812,NA,NA,0,2025-02-16 23:04:02
235,"ae620e","CARD93  ","United States",1739750572,1739750576,127.188499450684,37.9225997924805,281.940002441406,NA,56.4099998474121,6.28000020980835,-1.29999995231628,NA,381,NA,NA,0,2025-02-17 00:04:02
236,"ae620e","CARD93  ","United States",1739750572,1739750576,127.188499450684,37.9225997924805,281.940002441406,NA,56.4099998474121,6.28000020980835,-1.29999995231628,NA,381,NA,NA,0,2025-02-17 00:06:02
237,"ae620e","CARD93  ","United States",1739750572,1739750576,127.188499450684,37.9225997924805,281.940002441406,NA,56.4099998474121,6.28000020980835,-1.29999995231628,NA,381,NA,NA,0,2025-02-17 00:08:02
238,"7277a8","","Democratic People's Republic of Korea",1739751830,1739751830,125.414497375488,39.4987983703613,5036.81982421875,NA,132.259994506836,320.369995117188,12.6800003051758,NA,4663.43994140625,NA,NA,0,2025-02-17 00:24:02
239,"7277a8","KOR155  ","Democratic People's Republic of Korea",1739751940,1739751945,125.307098388672,39.6006011962891,6012.18017578125,NA,134.509994506836,320.589996337891,1.29999995231628,NA,5768.33984375,NA,NA,0,2025-02-17 00:26:02
240,"7277a8","KOR155  ","Democratic People's Republic of Korea",1739752060,1739752060,125.183502197266,39.7098999023438,6019.7998046875,NA,132.429992675781,314.059997558594,-0.330000013113022,NA,5775.9599609375,NA,NA,0,2025-02-17 00:28:01
241,"7277a8","KOR155  ","Democratic People's Republic of Korea",1739752060,1739752060,125.183502197266,39.7098999023438,6019.7998046875,NA,132.429992675781,314.059997558594,-0.330000013113022,NA,5775.9599609375,NA,NA,0,2025-02-17 00:30:01
242,"7277a8","KOR155  ","Democratic People's Republic of Korea",1739752060,1739752060,125.183502197266,39.7098999023438,6019.7998046875,NA,132.429992675781,314.059997558594,-0.330000013113022,NA,5775.9599609375,NA,NA,0,2025-02-17 00:32:02
243,"71cb15","HL9315  ","Republic of Korea",1739774101,1739774101,127.047203063965,37.9411010742188,365.760009765625,NA,46.7099990844727,36.4900016784668,-2.27999997138977,NA,464.820007324219,NA,NA,0,2025-02-17 06:36:08
244,"ae64a6","HOIST78 ","United States",1739790236,1739790236,127.267097473145,37.9416007995605,510.540008544922,NA,46.7799987792969,351.779998779297,-0.649999976158142,NA,609.599975585938,NA,NA,0,2025-02-17 11:04:01
245,"ae64a6","HOIST78 ","United States",1739790353,1739790353,127.263801574707,37.9967994689941,388.619995117188,NA,53.5,0,-1.95000004768372,NA,647.700012207031,NA,NA,0,2025-02-17 11:06:02
246,"ae64a6","HOIST78 ","United States",1739790439,1739790439,127.269798278809,38.0400009155273,259.079986572266,NA,55.310001373291,9.64000034332275,-1.29999995231628,NA,381,NA,NA,0,2025-02-17 11:08:02
247,"ae64a6","HOIST78 ","United States",1739790439,1739790439,127.269798278809,38.0400009155273,259.079986572266,NA,55.310001373291,9.64000034332275,-1.29999995231628,NA,381,NA,NA,0,2025-02-17 11:10:02
248,"ae64a6","HOIST78 ","United States",1739790439,1739790439,127.269798278809,38.0400009155273,259.079986572266,NA,55.310001373291,9.64000034332275,-1.29999995231628,NA,381,NA,NA,0,2025-02-17 11:12:02
249,"ae64a6","HOIST78 ","United States",1739792276,1739792276,127.205200195312,37.9499015808105,670.559997558594,NA,57.25,220.990005493164,0,NA,762,NA,NA,0,2025-02-17 11:38:01
250,"ae64a6","HOIST78 ","United States",1739792389,1739792389,127.158897399902,37.9168014526367,731.52001953125,NA,36.060001373291,227.889999389648,-0.649999976158142,NA,822.960021972656,NA,NA,0,2025-02-17 11:40:01
251,"ae64a6","HOIST78 ","United States",1739798011,1739798011,127.057601928711,37.910400390625,175.259994506836,NA,32.560001373291,5.44000005722046,0.330000013113022,NA,335.279998779297,NA,NA,0,2025-02-17 13:14:01
252,"ae64a6","HOIST78 ","United States",1739798011,1739798011,127.057601928711,37.910400390625,175.259994506836,NA,32.560001373291,5.44000005722046,0.330000013113022,NA,335.279998779297,NA,NA,0,2025-02-17 13:16:02
253,"ae64a6","HOIST78 ","United States",1739798011,1739798011,127.057601928711,37.910400390625,175.259994506836,NA,32.560001373291,5.44000005722046,0.330000013113022,NA,335.279998779297,NA,NA,0,2025-02-17 13:18:02
254,"7277a8","KOR151  ","Democratic People's Republic of Korea",1739835837,1739835838,125.322601318359,39.5857009887695,5631.18017578125,NA,135.630004882812,320.700012207031,8.77999973297119,NA,5410.2001953125,NA,NA,0,2025-02-17 23:44:01
255,"7277a8","KOR151  ","Democratic People's Republic of Korea",1739835947,1739835947,125.207496643066,39.6915016174316,6728.4599609375,NA,143.330001831055,315.290008544922,8.13000011444092,NA,6416.0400390625,NA,NA,0,2025-02-17 23:46:02
256,"7277a8","KOR151  ","Democratic People's Republic of Korea",1739836073,1739836073,125.050903320312,39.8092002868652,7879.080078125,NA,152.440002441406,314.040008544922,8.77999973297119,NA,7383.77978515625,NA,NA,0,2025-02-17 23:48:02
257,"7277a9","KOR155  ","Democratic People's Republic of Korea",1739935165,1739935197,125.240699768066,39.6629981994629,5775.9599609375,NA,150.660003662109,313.339996337891,1.62999999523163,NA,5577.83984375,NA,NA,0,2025-02-19 03:20:02
258,"7277a9","KOR155  ","Democratic People's Republic of Korea",1739935165,1739935197,125.240699768066,39.6629981994629,5775.9599609375,NA,150.660003662109,313.339996337891,1.62999999523163,NA,5577.83984375,NA,NA,0,2025-02-19 03:22:01
259,"7277a9","KOR155  ","Democratic People's Republic of Korea",1739935165,1739935197,125.240699768066,39.6629981994629,5775.9599609375,NA,150.660003662109,313.339996337891,1.62999999523163,NA,5577.83984375,NA,NA,0,2025-02-19 03:24:01
260,"ae64a6","HOIST13 ","United States",1740128022,1740128029,127.27140045166,37.9122009277344,281.940002441406,NA,57.5299987792969,347.079986572266,-1.29999995231628,NA,419.100006103516,NA,NA,0,2025-02-21 08:56:02
261,"ae64a6","HOIST13 ","United States",1740132631,1740132639,127.27140045166,37.9117012023926,243.839996337891,NA,54.939998626709,6.98999977111816,0.649999976158142,NA,510.540008544922,NA,NA,0,2025-02-21 10:12:02
262,"ae64a6","HOIST13 ","United States",1740132823,1740132823,127.262397766113,37.9986000061035,236.220001220703,NA,50.9700012207031,2.30999994277954,-0.330000013113022,NA,381,NA,NA,0,2025-02-21 10:14:02
263,"ae64a6","HOIST13 ","United States",1740132909,1740132909,127.268402099609,38.0377006530762,220.979995727539,NA,50.8600006103516,7.55999994277954,0.649999976158142,NA,373.380004882812,NA,NA,0,2025-02-21 10:16:02
264,"ae64a6","HOIST13 ","United States",1740132998,1740132998,127.276000976562,38.0774993896484,190.5,NA,50.8600006103516,7.55999994277954,0.649999976158142,NA,373.380004882812,NA,NA,0,2025-02-21 10:18:01
265,"ae64a6","HOIST13 ","United States",1740132998,1740132998,127.276000976562,38.0774993896484,190.5,NA,50.8600006103516,7.55999994277954,0.649999976158142,NA,373.380004882812,NA,NA,0,2025-02-21 10:20:02
5920,"a1e58f","RPA5783 ","United States",1740520240,1740520241,-79.4646987915039,42.4357986450195,10363.2001953125,NA,207.539993286133,274.829986572266,0.330000013113022,NA,10157.4599609375,"1156",NA,0,2025-02-25 21:51:07
5921,"7277a9","KOR155  ","Democratic People's Republic of Korea",1740539228,1740539237,125.191299438477,39.703800201416,5989.31982421875,NA,161.509994506836,314.739990234375,0,NA,5890.259765625,NA,NA,0,2025-02-26 03:10:55
5922,"71ce26","","Republic of Korea",1740560361,1740560361,127.365097045898,38.1032981872559,807.719970703125,NA,57.1100006103516,150.899993896484,-1.95000004768372,NA,868.679992675781,NA,NA,0,2025-02-26 09:00:02
5923,"71ce26","","Republic of Korea",1740560361,1740560361,127.365097045898,38.1032981872559,807.719970703125,NA,57.1100006103516,150.899993896484,-1.95000004768372,NA,868.679992675781,NA,NA,0,2025-02-26 09:02:02
5924,"71ce26","","Republic of Korea",1740560361,1740560361,127.365097045898,38.1032981872559,807.719970703125,NA,57.1100006103516,150.899993896484,-1.95000004768372,NA,868.679992675781,NA,NA,0,2025-02-26 09:04:02
5925,"71ce26","HL9626  ","Republic of Korea",1740561348,1740561349,127.435401916504,38.0073013305664,1257.30004882812,NA,45.6599998474121,123.51000213623,3.57999992370605,NA,1318.26000976562,NA,NA,0,2025-02-26 09:16:02
5926,"71ce26","HL9626  ","Republic of Korea",1740561473,1740561476,127.510101318359,37.9683990478516,1371.59997558594,NA,78.3600006103516,122.120002746582,-0.330000013113022,NA,1424.93994140625,NA,NA,0,2025-02-26 09:18:02
5927,"71ce26","HL9626  ","Republic of Korea",1740561575,1740561575,127.577201843262,37.9258003234863,1234.43994140625,NA,68.3899993896484,134.389999389648,-4.23000001907349,NA,1310.64001464844,NA,NA,0,2025-02-26 09:20:02
5928,"71ce26","HL9626  ","Republic of Korea",1740561575,1740561575,127.577201843262,37.9258003234863,1234.43994140625,NA,68.3899993896484,134.389999389648,-4.23000001907349,NA,1310.64001464844,NA,NA,0,2025-02-26 09:22:02
5929,"71ce26","HL9626  ","Republic of Korea",1740561575,1740561575,127.577201843262,37.9258003234863,1234.43994140625,NA,68.3899993896484,134.389999389648,-4.23000001907349,NA,1310.64001464844,NA,NA,0,2025-02-26 09:24:02
5930,"ae621e","HOIST30 ","United States",1740655510,1740655514,127.266700744629,37.9233016967773,464.820007324219,NA,57.3400001525879,350.709991455078,-0.980000019073486,NA,533.400024414062,NA,NA,0,2025-02-27 11:26:02
5931,"ae621e","HOIST30 ","United States",1740655510,1740655514,127.266700744629,37.9233016967773,464.820007324219,NA,57.3400001525879,350.709991455078,-0.980000019073486,NA,533.400024414062,NA,NA,0,2025-02-27 11:28:02
5932,"ae621e","HOIST30 ","United States",1740655769,1740655770,127.272300720215,38.0449981689453,358.140014648438,NA,54.2099990844727,9.27999973297119,-3.90000009536743,NA,434.339996337891,NA,NA,0,2025-02-27 11:30:01
5933,"ae621e","HOIST30 ","United States",1740655769,1740655770,127.272300720215,38.0449981689453,358.140014648438,NA,54.2099990844727,9.27999973297119,-3.90000009536743,NA,434.339996337891,NA,NA,0,2025-02-27 11:32:01
5934,"ae621e","HOIST30 ","United States",1740655769,1740655770,127.272300720215,38.0449981689453,358.140014648438,NA,54.2099990844727,9.27999973297119,-3.90000009536743,NA,434.339996337891,NA,NA,0,2025-02-27 11:34:02
5935,"ae621e","HOIST30 ","United States",1740658906,1740658906,127.262496948242,37.9502983093262,525.780029296875,NA,65.2200012207031,173.660003662109,0,NA,594.359985351562,NA,NA,0,2025-02-27 12:22:02
